<?xml version="1.0" encoding="UTF-8" standalone="no" ?><w:document xmlns:w="http://schemas.openxmlformats.org/wordprocessingml/2006/main"><w:body><w:p><w:pPr><w:pStyle w:val="heading"/></w:pPr><w:r><w:t/></w:r></w:p><w:p><w:pPr><w:pStyle w:val="heading"/></w:pPr><w:r><w:t>Initialisation</w:t></w:r></w:p><w:p><w:pPr><w:pStyle w:val="code"/></w:pPr><w:r><w:t><![CDATA[Pli = Pin
Pvi = 10*Pin
T = 278;]]></w:t></w:r></w:p><w:p><w:pPr><w:pStyle w:val="heading"/></w:pPr><w:r><w:t>Young laplace equation </w:t></w:r></w:p><w:p><w:pPr><w:pStyle w:val="text"/></w:pPr><w:customXml w:element="image"><w:customXmlPr><w:attr w:name="height" w:val="34"/><w:attr w:name="width" w:val="186"/><w:attr w:name="relationshipId" w:val="rId1"/></w:customXmlPr></w:customXml></w:p><w:p><w:pPr><w:pStyle w:val="text"/></w:pPr><w:customXml w:element="image"><w:customXmlPr><w:attr w:name="height" w:val="42"/><w:attr w:name="width" w:val="172"/><w:attr w:name="relationshipId" w:val="rId2"/></w:customXmlPr></w:customXml><w:customXml w:element="image"><w:customXmlPr><w:attr w:name="height" w:val="39"/><w:attr w:name="width" w:val="160"/><w:attr w:name="relationshipId" w:val="rId3"/></w:customXmlPr></w:customXml></w:p><w:p><w:pPr><w:pStyle w:val="code"/></w:pPr><w:r><w:t><![CDATA[syms  r

Pi_el =(3.14/8)*((K*T)/(z*e))^2*(1/(rp-r)^2);
Pi_d = -(Aslv/(6*3.14*(rp-r)^3)) ;
k = 1/(((Pvi - Pli) - Pi_d)/(2*sigma));
k_in = k;

fplot(-k,[0 rp])
r=0;
Lf = vpa(Lp-subs(k))
int_Pi_d = int (Pi_d,[0,rp-delta]);
int_lhs = (rp-delta)*(Pvi-Pli);
k = vpa((int_lhs - int_Pi_d )/((rp-delta)*2*sigma))
Mr = (1/k)*1e9


]]></w:t></w:r></w:p><w:p><w:pPr><w:pStyle w:val="text"/></w:pPr><w:r><w:t>                            </w:t></w:r></w:p><w:p><w:pPr><w:pStyle w:val="heading"/></w:pPr><w:r><w:t>Pinning region check.</w:t></w:r></w:p><w:p><w:pPr><w:pStyle w:val="text"/></w:pPr><w:r><w:t>Mean radius of meniscus,rm in  nanometer</w:t></w:r></w:p><w:p><w:pPr><w:pStyle w:val="code"/></w:pPr><w:r><w:t><![CDATA[r=rp-delta;
rm = vpa(subs(k_in))
Pvi_prev = 0;
Pli_prev = 0;
if rm >= -1e-9
    display ('Pinning');
    i =0;
    j=0;
    while (Pli_prev < 0.95*Pli || Pli_prev > 1.05*Pli )
     Pli_prev = Pli;  
     Pvi_prev = 0;
     j=j+1;
    while (Pvi_prev < 0.95*Pvi || Pvi_prev > 1.05*Pvi )
     i=i+1   
    Pvi_prev = Pvi;
    
    int_Pi_d = int (Pi_d,[0,rp-delta]);
    int_lhs = (rp-delta)*(Pvi-Pli);
    k = vpa((int_lhs - int_Pi_d )/((rp-delta)*2*sigma))
    Mr = (1/k)*1e9]]></w:t></w:r></w:p><w:p><w:pPr><w:sectPr/></w:pPr></w:p><w:p><w:pPr><w:pStyle w:val="text"/></w:pPr><w:r><w:t>Inside Pinning regime</w:t></w:r></w:p><w:p><w:pPr><w:pStyle w:val="text"/></w:pPr><w:r><w:t>Finding Area of meniscus, Am</w:t></w:r></w:p><w:p><w:pPr><w:pStyle w:val="code"/></w:pPr><w:r><w:t><![CDATA[theta = 2*asin(rp*abs(k))
Am = (4*3.14*(1/k)^2)*(theta/(2*3.14))^2
area_minuscus = Am*1e18
Ac = (3.14*rp^2)/4
area_pore = Ac*1e18
]]></w:t></w:r></w:p><w:p><w:pPr><w:pStyle w:val="text"/></w:pPr><w:r><w:t>Finding apparent emmisivity sigmap_bar</w:t></w:r></w:p><w:p><w:pPr><w:pStyle w:val="text"/></w:pPr><w:customXml w:element="image"><w:customXmlPr><w:attr w:name="height" w:val="55"/><w:attr w:name="width" w:val="217"/><w:attr w:name="relationshipId" w:val="rId4"/></w:customXmlPr></w:customXml></w:p><w:p><w:pPr><w:pStyle w:val="text"/></w:pPr><w:r><w:t/></w:r></w:p><w:p><w:pPr><w:pStyle w:val="code"/></w:pPr><w:r><w:t><![CDATA[temp = (1-sigma_bar)/(sigma_bar*Am);
sigmap_bar = 1/(temp*Ac+1)
]]></w:t></w:r></w:p><w:p><w:pPr><w:sectPr/></w:pPr></w:p><w:p><w:pPr><w:pStyle w:val="text"/></w:pPr><w:r><w:t>Maxwell Boltzmann distribution, Velocity profile at equilibrium, Eta_m</w:t></w:r></w:p><w:p><w:pPr><w:pStyle w:val="text"/></w:pPr><w:customXml w:element="image"><w:customXmlPr><w:attr w:name="height" w:val="58"/><w:attr w:name="width" w:val="210"/><w:attr w:name="relationshipId" w:val="rId5"/></w:customXmlPr></w:customXml></w:p><w:p><w:pPr><w:pStyle w:val="code"/></w:pPr><w:r><w:t><![CDATA[syms u
Eta_m = neq * (exp(-u^2/(R*T)))/(2*3.14*R*T)^1.5;

fplot(Eta_m/neq,[0 200])

]]></w:t></w:r></w:p><w:p><w:pPr><w:sectPr/></w:pPr></w:p><w:p><w:pPr><w:pStyle w:val="text"/></w:pPr><w:r><w:t>Molecules leaving the pore. Eta_up</w:t></w:r></w:p><w:p><w:pPr><w:pStyle w:val="text"/></w:pPr><w:customXml w:element="image"><w:customXmlPr><w:attr w:name="height" w:val="38"/><w:attr w:name="width" w:val="334"/><w:attr w:name="relationshipId" w:val="rId6"/></w:customXmlPr></w:customXml></w:p><w:p><w:pPr><w:pStyle w:val="text"/></w:pPr><w:customXml w:element="image"><w:customXmlPr><w:attr w:name="height" w:val="55"/><w:attr w:name="width" w:val="330"/><w:attr w:name="relationshipId" w:val="rId7"/></w:customXmlPr></w:customXml></w:p><w:p><w:pPr><w:pStyle w:val="code"/></w:pPr><w:r><w:t><![CDATA[Eta_un =  nc * (exp(-(u-uinf)^2/(R*Tinf)))/(2*3.14*R*Tinf)^1.5;
Eta_up = sigmap_bar*Eta_m + (1-sigmap_bar)*Eta_un;
fplot(Eta_up,[0 200])
]]></w:t></w:r></w:p><w:p><w:pPr><w:sectPr/></w:pPr></w:p><w:p><w:pPr><w:pStyle w:val="text"/></w:pPr><w:r><w:t>rate of change of mass, mdot.</w:t></w:r></w:p><w:p><w:pPr><w:pStyle w:val="text"/></w:pPr><w:customXml w:element="image"><w:customXmlPr><w:attr w:name="height" w:val="37"/><w:attr w:name="width" w:val="327"/><w:attr w:name="relationshipId" w:val="rId8"/></w:customXmlPr></w:customXml></w:p><w:p><w:pPr><w:pStyle w:val="code"/></w:pPr><w:r><w:t><![CDATA[mdot= m*Ac*int (Eta_up*u);
fplot(mdot,[0 500])
]]></w:t></w:r></w:p><w:p><w:pPr><w:sectPr/></w:pPr></w:p><w:p><w:pPr><w:pStyle w:val="text"/></w:pPr><w:r><w:t>Bulk vapor velocity u1,</w:t></w:r></w:p><w:p><w:pPr><w:pStyle w:val="text"/></w:pPr><w:customXml w:element="image"><w:customXmlPr><w:attr w:name="height" w:val="40"/><w:attr w:name="width" w:val="148"/><w:attr w:name="relationshipId" w:val="rId9"/></w:customXmlPr></w:customXml></w:p><w:p><w:pPr><w:pStyle w:val="text"/></w:pPr><w:customXml w:element="image"><w:customXmlPr><w:attr w:name="height" w:val="28"/><w:attr w:name="width" w:val="117"/><w:attr w:name="relationshipId" w:val="rId10"/></w:customXmlPr></w:customXml></w:p><w:p><w:pPr><w:pStyle w:val="code"/></w:pPr><w:r><w:t><![CDATA[n1 = int(Eta_up);
u1 = mdot/(m*n1*Ac);
fplot(u1,[0,200])]]></w:t></w:r></w:p><w:p><w:pPr><w:sectPr/></w:pPr></w:p><w:p><w:pPr><w:pStyle w:val="text"/></w:pPr><w:r><w:t>Pvi</w:t></w:r></w:p><w:p><w:pPr><w:pStyle w:val="text"/></w:pPr><w:customXml w:element="image"><w:customXmlPr><w:attr w:name="height" w:val="38"/><w:attr w:name="width" w:val="254"/><w:attr w:name="relationshipId" w:val="rId11"/></w:customXmlPr></w:customXml></w:p><w:p><w:pPr><w:pStyle w:val="code"/></w:pPr><w:r><w:t><![CDATA[Pvi = m*int(Eta_up*u^2) - m*n1*u1^2;
fplot(Pvi,[0,1000])
u = 500;
Pvi = subs(Pvi)
u = 300;
mdot = subs(mdot);
   end 

]]></w:t></w:r></w:p><w:p><w:pPr><w:pStyle w:val="heading"/></w:pPr><w:r><w:t>Liquid transport</w:t></w:r></w:p><w:p><w:pPr><w:pStyle w:val="text"/></w:pPr><w:customXml w:element="image"><w:customXmlPr><w:attr w:name="height" w:val="58"/><w:attr w:name="width" w:val="166"/><w:attr w:name="relationshipId" w:val="rId12"/></w:customXmlPr></w:customXml></w:p><w:p><w:pPr><w:pStyle w:val="code"/></w:pPr><w:r><w:t><![CDATA[Pli = Pin - (8*mu1*Lf*mdot)/(3.14*rp^4*rho1)
    end
end
]]></w:t></w:r></w:p><w:p><w:pPr><w:pStyle w:val="text"/></w:pPr><w:r><w:t/></w:r></w:p><w:p><w:pPr><w:sectPr/></w:pPr></w:p><w:p><w:pPr><w:pStyle w:val="code"/></w:pPr><w:r><w:t><![CDATA[ma = mdot*1e9]]></w:t></w:r></w:p><w:p><w:pPr><w:sectPr/></w:pPr></w:p><w:p><w:pPr><w:pStyle w:val="heading"/></w:pPr><w:r><w:t>Solar Irradiance, </w:t></w:r></w:p><w:p><w:pPr><w:pStyle w:val="code"/></w:pPr><w:r><w:t><![CDATA[q = 1000;%(W/m2)
sa = 0.7; %spectrum absorption coeffiecient
qs = q*sa; % net solar flux

Enthalpyrate_out = ma*hfg
Enthalpyrate_in = qs
]]></w:t></w:r></w:p></w:body></w:document>